Command,Symbol,Package,Comment
{,{,,
},},,
&,&,,
#,#,,
%,%,,
|,â€–,,
$,$,,
adots,â‹°,,
aleph,â„µ,,
alpha,Î±,,
Alpha,Î‘,,
angle,âˆ ,,
approx,â‰ˆ,,
ast,âˆ—,,
backslash,\,,
bagmember,â‹¿,,
because,âˆµ,,
beta,Î²,,
Beta,Î’,,
beth,â„¶,,
blacksquare,â– ,,
blacktriangleright,â€£,,
bot,âŠ¥,,
bowtie,â‹ˆ,,
box,â–¡,,
bumpeq,â‰,,
cap,âˆ©,,
cdot,â‹…,,
cdots,â‹¯,,
cent,Â¢,,
checkmark,âœ“,,
chi,Ï‡,,
Chi,Î§,,
circ,âˆ˜,,
Colon,âˆ·,,
complement,âˆ,,
cong,â‰…,,
coprod,âˆ,,
copyright,Â©,,
cup,âˆª,,
cupdot,âŠ,,
dagger,â€ ,,
daleth,â„¸ ,,
ddagger,â€¡,,
ddots,â‹±,,
delta,Î´,,
Delta,Î”,,
diameter,âŒ€,,
dicei,âš€,,
diceii,âš,,
diceiii,âš‚,,
diceiv,âšƒ,,
dicev,âš„,,
dicevi,âš…,,
digamma,Ï,,
Digamma,Ïœ,,
div,Ã·,,
doteq,â‰,,
dottedsquare,â¬š,,
downarrow,â†“,,
eightnote,â™ª,,
emptyset,âˆ…,,
epsilon,Ïµ,,
Epsilon,Î•,,
eqcolon,âˆ¹,,
eqdef,â‰,,
equiv,â‰¡,,
Equiv,â‰£,,
errbarsquare,â§®,,
eta,Î·,,
Eta,Î—,,
Euler,â„‡,,
euro,â‚¬,,
Exclam,â€¼,,
exists,âˆƒ,,
flat,â™­,,
forall,âˆ€,,
fourth,â—,,
frownie,â˜¹,,
gamma,Î³,,
Gamma,Î“,,
geq,â‰¥,,
geqq,â‰§,,
gg,â‰«,,
ggg,â‹™,,
gimel,â„· ,,
hat{},^,,
iiint,âˆ­,,
iint,âˆ¬,,
Im,â„‘,,
imath,â…ˆ,,
in,âˆˆ,,
increment,âˆ†,,
infty,âˆ,,
int,âˆ«,,
iota,Î¹,,
Iota,Î™,,
jmath,â…‰,,
kappa,Îº,,
Kappa,Îš,,
lambda,Î»,,
Lambda,Î›,,
langle,âŸ¨,,
lceil,âŒˆ,,
leftarrow,â†,,
Leftarrow,â‡,,
leftrightarrow,â†”,,
Leftrightarrow,â‡”,,
leq,â‰¤,,
leqq,â‰¦,,
ll,â‰ª,,
llangle,âŸª,,
llbracket,âŸ¦,,
lll,â‹˜,,
ltimes,â‹‰,,
maltese,âœ ,,
mapsto,â†¦,,
mathbb{0},ğŸ˜,amssymb,
mathbb{1},ğŸ™,amssymb,
mathbb{2},ğŸš,amssymb,
mathbb{3},ğŸ›,amssymb,
mathbb{4},ğŸœ,amssymb,
mathbb{5},ğŸ,amssymb,
mathbb{6},ğŸ,amssymb,
mathbb{7},ğŸŸ,amssymb,
mathbb{8},ğŸ ,amssymb,
mathbb{9},ğŸ¡,amssymb,
mathbb{B},ğ”¹,amssymb,
mathbb{C},â„‚,amssymb,
mathbb{d},â…†,amssymb,
mathbb{D},ğ”»,amssymb,
mathbb{e},â„¯,amssymb,
mathbb{E},ğ”¼,amssymb,
mathbb{F},ğ”½,amssymb,
mathbb{H},â„,amssymb,
mathbb{J},ğ•,amssymb,
mathbb{N},â„•,amssymb,
mathbb{O},ğ•†,amssymb,
mathbb{P},â„™,amssymb,
mathbb{Q},â„š,amssymb,
mathbb{R},â„,amssymb,
mathbb{S},ğ•Š,amssymb,
mathbb{T},ğ•‹,amssymb,
mathbb{U},ğ•Œ,amssymb,
mathbb{Z},â„¤,amssymb,
mathfrak{c},ğ” ,,
mathscr{H},â„‹,mathrsfs,
mathscr{L},â„’,mathrsfs,
mathsterling,Â£,,
mathyen,Â¥,,
measuredangle,âˆ¡,,
mho,â„§,,
mp,âˆ“,,
mu,Î¼,,
Mu,Îœ,,
nabla,âˆ‡,,
napprox,â‰‰,,
natural,â™®,,
ncong,â‰‡ ,,
neg,Â¬,,
neq,â‰ ,,
nequiv,â‰¢,,
nexists,âˆ„,,
ngtr,â‰¯,,
ni,âˆ‹,,
nless,â‰®,,
nmid,âˆ¤,,
nni,âˆŒ,,
notin,âˆ‰,,
nsubset,âŠ„,,
nsubseteq,âŠˆ,,
nsupset,âŠ…,,
nsupseteq,âŠ‰,,
nu,Î½,,
Nu,Î,,
odot,â¨€,,
oiiint,âˆ° ,,
oiint,âˆ¯,,
oint,âˆ® ,,
omega,Ï‰,,
Omega,Î©,,
omicron,Î¿,,
Omicron,ÎŸ,,
ominus,âŠ–,,
oplus,âŠ•,,
oslash,âŠ˜,,
otimes,âŠ—,,
P,Â¶ ,,
partial,âˆ‚,,
phi,Ï•,,
Phi,Î¦,,
pi,Ï€,,
Pi,Î ,,
Planckconst,â„,,
pm,Â±,,
prec,â‰º,,
prime,â€²,,
prod,âˆ,,
propto,âˆ,,
psi,Ïˆ,,
Psi,Î¨,,
qoppa,Ï™,,
Qoppa,Ï˜,,
quarternote,â™©,,
questeq,â‰Ÿ,,
rangle,âŸ©,,
rceil,âŒ‰,,
Re,â„œ,,
rfloor,âŒ‹,,
rho,Ï,,
Rho,Î¡,,
rightangle,âˆŸ,,
rightarrow,â†’,,
Rightarrow,â‡’,,
rightleftarrows,â‡„,,
rrangle,âŸ«,,
rrbracket,âŸ§,,
rtimes,â‹Š,,
second,â€³,,
sharp,â™¯,,
shuffle,â§¢,,
sigma,Ïƒ,,
Sigma,Î£,,
sim,~,,
sinewave,âˆ¿,,
sphericalangle,âˆ¢,,
sqcap,âŠ“,,
sqcup,âŠ” ,,
sqsubset,âŠ ,,
sqsubseteq,âŠ‘,,
sqsupset,âŠ,,
sqsupseteq,âŠ’,,
subset,âŠ‚,,
Subset,â‹ ,,
subsetcirc,âŸƒ,,
subseteq,âŠ†,,
succ,â‰»,,
sum,âˆ‘,,
supset,âŠƒ,,
supsetcirc,âŸ„,,
supseteq,âŠ‡,,
tau,Ï„,,
Tau,Î¤,,
textregistered,Â®,,
textsuperscript{TM},â„¢,,
therefore,âˆ´,,
thermod,â§§,,
theta,Î¸,,
Theta,Î˜,,
third,â€´,,
times,Ã—,,
top,âŠ¤,,
triangleleft,â—…,,
triangleq,â‰œ,,
triangleright,â–»,,
twonotes,â™«,,
underline,_,,
uparrow,â†‘,,
updownarrow,â†•,,
uplus,âŠ,,
upsilon,Ï…,,
Upsilon,Î¥,,
varepsilon,Îµ,,
varkappa,Ï°,,
varphi,Ï†,,
varpi,Ï–,,
varrho,Ï±,,
varsigma,Ï‚,,
vartheta,Ï‘,,
varTheta,Ï´,,
vcentcolon=,â‰”,,
vdash,âŠ¢,,
vDash,âŠ§,,
vdots,â‹®,,
vee,âˆ¨,,
veebar,âŠ»,,
warning,âš ,,
wedge,âˆ§,,
wp,â„˜,,
wr,â‰€,,
xi,Î¾,,
Xi,Î,,
Zbar,Æµ,,
zeta,Î¶,,
Zeta,Î–,,
